{
  "SA": [
    {
      "min": 0,
      "max": 12000,
      "base": 0,
      "rate": 1
    },
    {
      "min": 12001,
      "max": 30000,
      "base": 120,
      "rate": 2
    },
    {
      "min": 30001,
      "max": 50000,
      "base": 480,
      "rate": 3
    },
    {
      "min": 50001,
      "max": 100000,
      "base": 1080,
      "rate": 3.5
    },
    {
      "min": 100001,
      "max": 200000,
      "base": 2830,
      "rate": 4
    },
    {
      "min": 200001,
      "max": 250000,
      "base": 6830,
      "rate": 4.25
    },
    {
      "min": 250001,
      "max": 300000,
      "base": 8955,
      "rate": 4.75
    },
    {
      "min": 300001,
      "max": 500000,
      "base": 11330,
      "rate": 5
    },
    {
      "min": 500001,
      "max": 0,
      "base": 21330,
      "rate": 5.5
    }
  ],
  "TAS": [
    {
      "min": 0,
      "max": 3000,
      "base": 50,
      "rate": 0
    },
    {
      "min": 3001,
      "max": 25000,
      "base": 50,
      "rate": 1.75
    },
    {
      "min": 25001,
      "max": 75000,
      "base": 435,
      "rate": 2.25
    },
    {
      "min": 75001,
      "max": 200000,
      "base": 1560,
      "rate": 3.5
    },
    {
      "min": 200001,
      "max": 375000,
      "base": 5935,
      "rate": 4
    },
    {
      "min": 375001,
      "max": 725000,
      "base": 12935,
      "rate": 4.25
    },
    {
      "min": 725001,
      "max": 0,
      "base": 27810,
      "rate": 4.5
    }
  ],
  "WA": {
    "vacant": [
      {
        "min": 0,
        "max": 300000,
        "base": 0,
        "rate": 0
      },
      {
        "min": 300001,
        "max": 400000,
        "base": 0,
        "rate": 13.01,
        "maxcost": 300000,
        "leadprice": 100000
      },
      {
        "min": 400001,
        "max": 530000,
        "base": 0,
        "rate": 19.19,
        "maxcost": 400000,
        "leadprice": 430000
      },
      {
        "min": 530001,
        "max": 725000,
        "base": 11115,
        "rate": 4.75,
        "maxcost": 530000,
        "leadprice": 360000
      },
      {
        "min": 725001,
        "max": 0,
        "base": 28453,
        "rate": 5.15
      }
    ],
    "nofirsthome": [
      {
        "min": 0,
        "max": 120000,
        "base": 0,
        "rate": 1.9
      },
      {
        "min": 120001,
        "max": 150000,
        "base": 2280,
        "rate": 2.85
      },
      {
        "min": 150001,
        "max": 360000,
        "base": 3135,
        "rate": 3.8
      },
      {
        "min": 360001,
        "max": 725000,
        "base": 11115,
        "rate": 4.75
      },
      {
        "min": 725001,
        "max": 0,
        "base": 28453,
        "rate": 5.15
      }
    ]
  },
  "VIC": {
    "investor": [
      {
        "min": 0,
        "max": 25000,
        "base": 0,
        "rate": 0.014
      },
      {
        "min": 25001,
        "max": 130000,
        "base": 350,
        "rate": 0.024
      },
      {
        "min": 130001,
        "max": 960000,
        "base": 2870,
        "rate": 0.06
      },
      {
        "min": 960001,
        "max": 0,
        "base": 0,
        "rate": 0.055
      }
    ],
    "ownhome": [
      {
        "min": 0,
        "max": 25000,
        "base": 0,
        "rate": 0.014
      },
      {
        "min": 25001,
        "max": 130000,
        "base": 350,
        "rate": 0.024
      },
      {
        "min": 130001,
        "max": 440000,
        "base": 2870,
        "rate": 0.05
      },
      {
        "min": 440001,
        "max": 550000,
        "base": 18370,
        "rate": 0.06
      },
      {
        "min": 550001,
        "max": 960000,
        "base": 2870,
        "rate": 0.06,
        "maxcost": 550000,
        "leadprice": 130000
      },
      {
        "min": 960001,
        "max": 0,
        "base": 0,
        "rate": 0.055
      }
    ],
    "firsthomebuyer": [
      {
        "min": 0,
        "max": 25000,
        "base": 0,
        "rate": 0.014,
        "less": 0.5
      },
      {
        "min": 25001,
        "max": 130000,
        "base": 350,
        "rate": 0.024,
        "less": 0.5
      },
      {
        "min": 130001,
        "max": 440000,
        "base": 2870,
        "rate": 0.05,
        "less": 0.5
      },
      {
        "min": 440001,
        "max": 550000,
        "base": 18370,
        "rate": 0.06,
        "less": 0.5
      },
      {
        "min": 550001,
        "max": 600000,
        "base": 28070,
        "rate": 0.06,
        "less": 0.5
      },
      {
        "min": 600001,
        "max": 960000,
        "base": 28070,
        "rate": 0.06,
        "less": 1,
        "maxcost": 600000,
        "leadprice": 550000
      },
      {
        "min": 960001,
        "max": 0,
        "base": 0,
        "rate": 0.055,
        "less": 1
      }
    ]
  },
  "QLD": {
    "investor": [
      {
        "min": 0,
        "max": 5000,
        "base": 0,
        "rate": 0
      },
      {
        "min": 5001,
        "max": 75000,
        "base": 0,
        "rate": 1.5,
        "leadprice": 75000
      },
      {
        "min": 75001,
        "max": 540000,
        "base": 1050,
        "rate": 3.5
      },
      {
        "min": 540001,
        "max": 1000000,
        "base": 17325,
        "rate": 4.5
      },
      {
        "min": 1000001,
        "max": 0,
        "base": 38025,
        "rate": 5.75
      }
    ],
    "owner_occupied": [
      {
        "min": 0,
        "max": 350000,
        "base": 0,
        "rate": 1
      },
      {
        "min": 350001,
        "max": 540000,
        "base": 3500,
        "rate": 3.5
      },
      {
        "min": 540001,
        "max": 1000000,
        "base": 10150,
        "rate": 4.5
      },
      {
        "min": 1000001,
        "max": 0,
        "base": 30850,
        "rate": 5.75
      }
    ],
    "first_home_buyer_buying_a_new_home": [
      {
        "min": 0,
        "max": 350000,
        "base": 0,
        "rate": 1
      },
      {
        "min": 350001,
        "max": 540000,
        "base": 3500,
        "rate": 3.5
      },
      {
        "min": 540001,
        "max": 1000000,
        "base": 10150,
        "rate": 4.5
      },
      {
        "min": 1000001,
        "max": 0,
        "base": 30850,
        "rate": 5.75
      }
    ],
    "first_home_buyer_buying_vacant_land": [
      {
        "min": 0,
        "max": 5000,
        "base": 0,
        "rate": 0
      },
      {
        "min": 5001,
        "max": 75000,
        "base": 0,
        "rate": 1.5,
        "leadprice": 75000
      },
      {
        "min": 75001,
        "max": 540000,
        "base": 1050,
        "rate": 3.5
      },
      {
        "min": 540001,
        "max": 1000000,
        "base": 17325,
        "rate": 4.5
      },
      {
        "min": 1000001,
        "max": 0,
        "base": 38025,
        "rate": 5.75
      }
    ]
  },
  "ACT": {
    "owner_occupier_investor_first_home_buyer_exitsing_home": [
      {
        "min": 0,
        "max": 200000,
        "base": 0,
        "rate": 2
      },
      {
        "min": 200001,
        "max": 300000,
        "base": 4000,
        "rate": 3.5
      },
      {
        "min": 300001,
        "max": 500000,
        "base": 7500,
        "rate": 4.15
      },
      {
        "min": 500001,
        "max": 750000,
        "base": 15800,
        "rate": 5
      },
      {
        "min": 750001,
        "max": 1000000,
        "base": 28300,
        "rate": 6.5
      },
      {
        "min": 1000001,
        "max": 1455000,
        "base": 44550,
        "rate": 7
      },
      {
        "min": 1455001,
        "max": 0,
        "base": 0,
        "rate": 5.25
      }
    ],
    "first_home_buyer_buying_a_new_home": [
      {
        "min": 0,
        "max": 446000,
        "base": 0,
        "rate": 0,
        "fixedprice": 20
      },
      {
        "min": 446001,
        "max": 550000,
        "base": 0,
        "rate": 17.55
      },
      {
        "min": 550001,
        "max": 750000,
        "base": 15800,
        "rate": 5,
        "leadprice": 500000
      },
      {
        "min": 750001,
        "max": 1000000,
        "base": 28300,
        "rate": 6.5
      },
      {
        "min": 1000001,
        "max": 1455000,
        "base": 44550,
        "rate": 7
      },
      {
        "min": 1455001,
        "max": 0,
        "base": 0,
        "rate": 5.25
      }
    ],
    "first_home_buyer_buying_a_vancant_land": [
      {
        "min": 0,
        "max": 266700,
        "base": 0,
        "rate": 0,
        "fixedprice": 20
      },
      {
        "min": 266701,
        "max": 298300,
        "base": 0,
        "rate": 23.5
      },
      {
        "min": 298301,
        "max": 300000,
        "base": 4000,
        "rate": 3.5,
        "leadprice": 200000
      },
      {
        "min": 300001,
        "max": 500000,
        "base": 7500,
        "rate": 4.15
      },
      {
        "min": 500001,
        "max": 750000,
        "base": 15800,
        "rate": 5
      },
      {
        "min": 750001,
        "max": 1000000,
        "base": 28300,
        "rate": 6.5
      },
      {
        "min": 1000001,
        "max": 1455000,
        "base": 44550,
        "rate": 7
      },
      {
        "min": 1455001,
        "max": 0,
        "base": 0,
        "rate": 5.25
      }
    ]
  },
  "NT": {
    "all_combinations": [
      {
        "min": 0,
        "max": 525000,
        "base": 0,
        "rate": 0,
        "leadprice": 1000,
        "leadrate1": 2,
        "leadrate2": 15,
        "p1": 0.06571441
      },
      {
        "min": 525001,
        "max": 3000000,
        "base": 0,
        "rate": 0.0495
      },
      {
        "min": 3000000,
        "max": 0,
        "base": 0,
        "rate": 0.0545
      }
    ]
  },
  "NSW": {
    "owner_occupier_investor_first_home_buyer_exitsing_home": [
      {
        "min": 0,
        "max": 14000,
        "base": 0,
        "rate": 1.25
      },
      {
        "min": 14001,
        "max": 30000,
        "base": 175,
        "rate": 1.5
      },
      {
        "min": 30001,
        "max": 80000,
        "base": 415,
        "rate": 1.75
      },
      {
        "min": 80001,
        "max": 300000,
        "base": 1290,
        "rate": 3.5
      },
      {
        "min": 300001,
        "max": 1000000,
        "base": 8990,
        "rate": 4.5
      },
      {
        "min": 1000001,
        "max": 3000000,
        "base": 40490,
        "rate": 5.5
      },
      {
        "min": 3000001,
        "max": 0,
        "base": 150490,
        "rate": 7
      }
    ],
    "first_home_buyer_buying_a_new_home": [
      {
        "min": 0,
        "max": 550000,
        "base": 0,
        "rate": 0
      },
      {
        "min": 550001,
        "max": 650000,
        "base": 0,
        "rate": 0.2474,
        "excludeprice": 136070
      },
      {
        "min": 650001,
        "max": 1000000,
        "base": 8990,
        "rate": 4.5,
        "leadprice": 300000
      },
      {
        "min": 1000001,
        "max": 3000000,
        "base": 40490,
        "rate": 5.5
      },
      {
        "min": 3000001,
        "max": 0,
        "base": 150490,
        "rate": 7
      }
    ],
    "first_home_buyer_buying_a_vancant_land": [
      {
        "min": 0,
        "max": 350000,
        "base": 0,
        "rate": 0
      },
      {
        "min": 350001,
        "max": 450000,
        "base": 0,
        "rate": 0.1574,
        "excludeprice": 55090
      },
      {
        "min": 450001,
        "max": 1000000,
        "base": 8990,
        "rate": 4.5,
        "leadprice": 300000
      },
      {
        "min": 1000001,
        "max": 3000000,
        "base": 40490,
        "rate": 5.5
      },
      {
        "min": 3000001,
        "max": 0,
        "base": 150490,
        "rate": 7
      }
    ]
  }
}